{"categorical_accuracy": [0.7142831683158875, 0.7183569073677063, 0.715980589389801, 0.7200364470481873, 0.7196791172027588, 0.7210549116134644, 0.720804750919342, 0.7202329635620117, 0.7192502617835999, 0.7267903089523315, 0.7213050127029419, 0.7222162485122681, 0.7225914597511292, 0.7251107692718506, 0.7242352962493896, 0.7278623580932617, 0.7285770177841187, 0.7261828184127808, 0.7298456430435181, 0.7296669483184814, 0.7294167876243591, 0.7277551293373108, 0.7302208542823792, 0.7301493883132935, 0.7283090353012085, 0.7315430045127869, 0.7346876859664917, 0.7344911098480225, 0.7348842024803162, 0.7332046627998352], "loss": [0.17517653107643127, 0.16844362020492554, 0.1702812761068344, 0.16646677255630493, 0.16456741094589233, 0.16225187480449677, 0.16477033495903015, 0.16543316841125488, 0.16903047263622284, 0.15336230397224426, 0.16145460307598114, 0.16139790415763855, 0.164997398853302, 0.15597452223300934, 0.15726646780967712, 0.15320678055286407, 0.14890047907829285, 0.14981241524219513, 0.15000176429748535, 0.1480158567428589, 0.1495194137096405, 0.1468639373779297, 0.15026485919952393, 0.14913895726203918, 0.14918217062950134, 0.1459915041923523, 0.1403876543045044, 0.14168332517147064, 0.1415398269891739, 0.1410442590713501]}