{"categorical_accuracy": [0.022910140454769135, 0.08290017396211624, 0.1524316370487213, 0.22514952719211578, 0.29676374793052673, 0.3649067282676697, 0.4135752022266388, 0.46069496870040894, 0.4964219629764557, 0.5252954959869385, 0.5516590476036072, 0.5768477916717529, 0.5960374474525452, 0.6049202680587769, 0.6258900761604309, 0.6380482912063599, 0.64707350730896, 0.6604243516921997, 0.6688621640205383, 0.6714789271354675, 0.6770507097244263, 0.6880874633789062, 0.6951367259025574, 0.6998184323310852, 0.7020613551139832, 0.7073305249214172, 0.7112646102905273, 0.7127242684364319, 0.7159997224807739, 0.7197557687759399, 0.7182426452636719, 0.7250427007675171, 0.7294040322303772, 0.7271610498428345, 0.7320742011070251, 0.7364711165428162, 0.7356166243553162, 0.7354386448860168, 0.7366135120391846, 0.7406899929046631, 0.7412596344947815, 0.7400491237640381, 0.7441256046295166, 0.7461015582084656, 0.7474900484085083, 0.7475256323814392, 0.7472051978111267, 0.7482910752296448, 0.7508900761604309, 0.7551979422569275], "loss": [2.633066177368164, 1.9333363771438599, 1.5392705202102661, 1.2500543594360352, 1.042911410331726, 0.8656205534934998, 0.7508360147476196, 0.6467374563217163, 0.579178512096405, 0.5202036499977112, 0.46550875902175903, 0.41876232624053955, 0.38319605588912964, 0.3619856834411621, 0.32719913125038147, 0.30649739503860474, 0.2929326295852661, 0.2692126929759979, 0.25703567266464233, 0.24528467655181885, 0.23768387734889984, 0.22163532674312592, 0.21254903078079224, 0.20490042865276337, 0.20071884989738464, 0.18903642892837524, 0.18482916057109833, 0.18123990297317505, 0.17572087049484253, 0.16899622976779938, 0.16756469011306763, 0.16041232645511627, 0.1548420488834381, 0.1545528769493103, 0.14905111491680145, 0.14322249591350555, 0.14365513622760773, 0.1414555311203003, 0.13764192163944244, 0.1347445547580719, 0.13243943452835083, 0.13431333005428314, 0.1261075735092163, 0.12375252693891525, 0.12297137826681137, 0.12234882265329361, 0.12363964319229126, 0.12041771411895752, 0.11743152141571045, 0.11431160569190979]}