{"categorical_accuracy": [0.705206573009491, 0.7066895365715027, 0.7051708102226257, 0.7100664377212524, 0.7116388082504272, 0.7122820019721985, 0.7135506272315979, 0.715658962726593, 0.7167845964431763, 0.7160341739654541, 0.7165523171424866, 0.7191609740257263, 0.715658962726593, 0.7186070680618286, 0.7211084961891174, 0.7202508449554443, 0.718589186668396, 0.7192145586013794, 0.7211620807647705, 0.7233776450157166, 0.7228595018386841, 0.7229845523834229, 0.7250036001205444, 0.7255395650863647, 0.7237528562545776, 0.7270225882530212, 0.7276836633682251, 0.7285413146018982, 0.728987991809845, 0.7254502773284912, 0.7286127805709839, 0.7276657819747925, 0.7308283448219299, 0.7302208542823792, 0.7325078845024109, 0.7279695272445679, 0.7294167876243591, 0.7304531335830688, 0.7345626354217529, 0.7352951765060425, 0.7362599968910217, 0.7324721217155457, 0.7344911098480225, 0.7339015007019043, 0.7342052459716797, 0.7338479161262512, 0.7348484992980957, 0.7329545617103577, 0.7389937043190002, 0.736027717590332], "loss": [0.2028358429670334, 0.20003657042980194, 0.19951067864894867, 0.1922747641801834, 0.19350963830947876, 0.18933093547821045, 0.18931517004966736, 0.18191781640052795, 0.18235734105110168, 0.1831844598054886, 0.18132567405700684, 0.17769938707351685, 0.18235549330711365, 0.17656278610229492, 0.17422601580619812, 0.1743474006652832, 0.1783929318189621, 0.17650216817855835, 0.17221716046333313, 0.169378399848938, 0.1660546213388443, 0.16941413283348083, 0.16844801604747772, 0.1663217842578888, 0.16901345551013947, 0.16354484856128693, 0.16214896738529205, 0.15871602296829224, 0.16048328578472137, 0.1641046106815338, 0.1626398265361786, 0.1596122533082962, 0.15644720196723938, 0.15315786004066467, 0.15258188545703888, 0.15851852297782898, 0.15765123069286346, 0.15615330636501312, 0.14617691934108734, 0.15093082189559937, 0.14726488292217255, 0.14971138536930084, 0.14682023227214813, 0.15251125395298004, 0.1477937400341034, 0.14839595556259155, 0.14487072825431824, 0.14606332778930664, 0.1442645788192749, 0.14703702926635742]}