{"categorical_accuracy": [0.7208333611488342, 0.7916666865348816, 0.7124999761581421, 0.7708333134651184, 0.7749999761581421, 0.762499988079071, 0.7666666507720947, 0.762499988079071, 0.7666666507720947, 0.7666666507720947, 0.7708333134651184, 0.7708333134651184, 0.7666666507720947, 0.7749999761581421, 0.7708333134651184, 0.7541666626930237, 0.7333333492279053, 0.75, 0.7333333492279053, 0.7541666626930237, 0.7875000238418579, 0.7583333253860474, 0.75, 0.7666666507720947, 0.7833333611488342, 0.7666666507720947, 0.762499988079071, 0.7666666507720947, 0.7833333611488342, 0.7708333134651184, 0.762499988079071, 0.7875000238418579, 0.7666666507720947, 0.7666666507720947, 0.7749999761581421, 0.7875000238418579, 0.7791666388511658, 0.8041666746139526, 0.7666666507720947, 0.7791666388511658, 0.75, 0.8083333373069763, 0.8125, 0.8125, 0.7916666865348816, 0.762499988079071, 0.7791666388511658, 0.7791666388511658, 0.7749999761581421, 0.7666666507720947], "loss": [0.14067918062210083, 0.03979836404323578, 0.11398657411336899, 0.026002982631325722, 0.024654550477862358, 0.023684771731495857, 0.0110694644972682, 0.01819700561463833, 0.010347094386816025, 0.010819005779922009, 0.009046133607625961, 0.00708363763988018, 0.013863845728337765, 0.007598760537803173, 0.006443523336201906, 0.009957329370081425, 0.021628478541970253, 0.006140469573438168, 0.019383203238248825, 0.022323131561279297, 0.00676096323877573, 0.005155133083462715, 0.004705226514488459, 0.013501107692718506, 0.013285947032272816, 0.006396807264536619, 0.009733815677464008, 0.006006675772368908, 0.004363519139587879, 0.0025842159520834684, 0.0051940991543233395, 0.004361477680504322, 0.004738220479339361, 0.007745778653770685, 0.006962276995182037, 0.004407745320349932, 0.0056559015065431595, 0.004174807574599981, 0.004207788035273552, 0.008994356729090214, 0.017344718798995018, 0.00548647390678525, 0.003689860226586461, 0.011466207914054394, 0.009043886326253414, 0.006987528409808874, 0.003099668538197875, 0.004173898603767157, 0.0035470728762447834, 0.004348074551671743]}