{"binary_accuracy": [0.9999373555183411, 0.9999512434005737, 0.9999918937683105, 0.9999944567680359, 0.9999951124191284, 0.9999955296516418, 0.9999958872795105, 0.9999960660934448, 0.9999963045120239, 0.9999963045120239, 0.9999963045120239, 0.9999963045120239, 0.999996542930603, 0.9999967217445374, 0.9999967217445374, 0.9999970197677612, 0.9999970197677612, 0.9999970197677612, 0.9999970197677612, 0.9999970197677612], "loss": [0.3651418387889862, 0.14821641147136688, 0.015521612949669361, 0.008221538737416267, 0.006304283160716295, 0.005154774058610201, 0.004340888001024723, 0.0037168352864682674, 0.0032444142270833254, 0.002872610464692116, 0.0025647056754678488, 0.0023021441884338856, 0.0020704627968370914, 0.001869066501967609, 0.001693890430033207, 0.001539149321615696, 0.0014010524610057473, 0.0012758070370182395, 0.0011631357483565807, 0.001059868955053389]}