{"binary_accuracy": [0.6209697127342224, 0.641679048538208, 0.648840606212616, 0.6529637575149536, 0.65556800365448, 0.6575209498405457, 0.6607454419136047, 0.6630704402923584, 0.6661707162857056, 0.6699217557907104], "loss": [0.5821582078933716, 0.5091478824615479, 0.49257397651672363, 0.48616012930870056, 0.4824230968952179, 0.47974464297294617, 0.47753992676734924, 0.47566676139831543, 0.4739471673965454, 0.4723432958126068]}