{"binary_accuracy": [0.631502628326416, 0.6595960855484009, 0.6754419207572937, 0.6889521479606628, 0.6995264887809753, 0.7072283029556274, 0.7137311697006226, 0.7200443744659424, 0.7254420518875122, 0.7293877601623535], "loss": [0.5841803550720215, 0.546989381313324, 0.5332919359207153, 0.5238794088363647, 0.5162208080291748, 0.5095173120498657, 0.5034466981887817, 0.4977146089076996, 0.4922436475753784, 0.4868943989276886]}