{"binary_accuracy": [0.6354166865348816, 0.6328125, 0.6354166865348816, 0.6354166865348816, 0.6484375, 0.65625, 0.6822916269302368, 0.6953125, 0.7135416865348816, 0.7421875], "loss": [0.6235543489456177, 0.6199301481246948, 0.6087115406990051, 0.5893217325210571, 0.5675000548362732, 0.5392854809761047, 0.514951765537262, 0.4878321886062622, 0.46162283420562744, 0.4387265145778656]}