{"binary_accuracy": [0.6296175718307495, 0.6388264894485474, 0.6516321897506714, 0.6622905135154724, 0.6728417873382568, 0.6814326047897339, 0.688224732875824, 0.6941044330596924, 0.6994737386703491, 0.7053266167640686], "loss": [0.6055539846420288, 0.5668718218803406, 0.5518298745155334, 0.5433100461959839, 0.5371195673942566, 0.5319409966468811, 0.5273811221122742, 0.5232143402099609, 0.5192861557006836, 0.5155613422393799]}