{"categorical_accuracy": [0.0625, 0.2636861205101013, 0.40054744482040405, 0.5018247961997986, 0.5821167826652527, 0.6450729966163635, 0.6947992444038391, 0.7381386756896973, 0.7769160866737366, 0.8061131238937378, 0.8316605687141418, 0.8531022071838379, 0.8740875720977783, 0.8900547623634338, 0.9055656790733337, 0.9128649830818176, 0.922901451587677, 0.9352189898490906, 0.9429744482040405, 0.9511861205101013], "loss": [4.131783485412598, 1.7810744047164917, 1.2900975942611694, 1.0574002265930176, 0.8828362822532654, 0.7521302103996277, 0.6460983157157898, 0.5564148426055908, 0.48154377937316895, 0.41823962330818176, 0.3634645640850067, 0.3169214427471161, 0.27654436230659485, 0.24175460636615753, 0.21147292852401733, 0.18552778661251068, 0.1621817946434021, 0.14234207570552826, 0.12434122711420059, 0.10916516929864883]}