{"binary_accuracy": [0.6385417580604553, 0.691035270690918, 0.714046835899353, 0.7333332300186157, 0.7446653246879578, 0.7529355883598328, 0.7613950371742249, 0.7679292559623718, 0.7751577496528625, 0.7814711332321167], "loss": [0.5966324210166931, 0.5128706693649292, 0.48338189721107483, 0.46442270278930664, 0.44999802112579346, 0.43794167041778564, 0.427375853061676, 0.4179977476596832, 0.4094230532646179, 0.4016155004501343]}