{"binary_accuracy": [0.6560131907463074, 0.6609847545623779, 0.6761066317558289, 0.6662228107452393, 0.6636779308319092, 0.661783754825592, 0.6611329317092896, 0.6599788069725037, 0.6595645546913147, 0.6606296896934509, 0.6615175604820251, 0.6627011895179749, 0.6629677414894104, 0.6615768074989319, 0.6621094942092896, 0.6623460650444031, 0.6621984243392944, 0.6619319915771484, 0.662050187587738, 0.6625238060951233], "loss": [0.3299582004547119, 0.32153820991516113, 0.30952122807502747, 0.31144049763679504, 0.310729056596756, 0.31044802069664, 0.31026944518089294, 0.310067743062973, 0.3098844289779663, 0.30968958139419556, 0.30954039096832275, 0.3093496859073639, 0.30913349986076355, 0.3089148998260498, 0.30873754620552063, 0.3085463345050812, 0.3084617853164673, 0.30836451053619385, 0.3081825375556946, 0.30809342861175537]}