{"binary_accuracy": [0.6272429823875427, 0.6457952260971069, 0.6584550142288208, 0.6714948415756226, 0.6818352937698364, 0.6914535760879517, 0.699741542339325, 0.7084473371505737, 0.7148721814155579, 0.7204226851463318], "loss": [0.5905504822731018, 0.5608090758323669, 0.5455496311187744, 0.5339677333831787, 0.5245534777641296, 0.5162396430969238, 0.5086033344268799, 0.5016191601753235, 0.495113343000412, 0.4890904724597931]}