{"binary_accuracy": [0.6735396981239319, 0.7075547575950623, 0.7264013886451721, 0.7370595932006836, 0.7418919801712036, 0.7468588352203369, 0.7515034079551697, 0.7560945749282837, 0.759101152420044, 0.7618932127952576], "loss": [0.5527098774909973, 0.5091884136199951, 0.4937148988246918, 0.48383450508117676, 0.4764155447483063, 0.47043827176094055, 0.46524810791015625, 0.46032625436782837, 0.4559134542942047, 0.45156627893447876]}