{"binary_accuracy": [0.9998397827148438, 0.9999513626098633, 0.9999861717224121, 0.9999958872795105, 0.9999986290931702, 0.999999463558197, 0.9999995231628418, 0.9999995231628418, 0.9999998211860657, 0.9999998211860657, 1.0, 1.0, 1.0, 1.0, 1.0, 1.0, 1.0, 1.0, 1.0, 1.0], "loss": [0.6357185244560242, 0.1749839186668396, 0.0560288205742836, 0.028424708172678947, 0.018469437956809998, 0.013678455725312233, 0.011337927542626858, 0.009877431206405163, 0.00874412339180708, 0.007970604114234447, 0.007221792824566364, 0.006628227420151234, 0.006060603074729443, 0.005510867107659578, 0.005059880670160055, 0.004658105783164501, 0.004273707512766123, 0.0039010541513562202, 0.0035968944430351257, 0.0032790822442620993]}