{"binary_accuracy": [0.5676130652427673, 0.5952427387237549, 0.614583432674408, 0.6281123161315918, 0.6390689611434937, 0.647357702255249, 0.6547255516052246, 0.6618393063545227, 0.6681591272354126, 0.6740345358848572, 0.6796555519104004, 0.684736967086792, 0.6890560388565063, 0.6943280100822449, 0.6986470818519592, 0.7030613422393799, 0.7084602117538452, 0.7126840353012085, 0.7170351147651672, 0.720814049243927], "loss": [0.46579909324645996, 0.43181827664375305, 0.41667649149894714, 0.4066246449947357, 0.3988204598426819, 0.3924700617790222, 0.3869529664516449, 0.38206151127815247, 0.37741008400917053, 0.3731509745121002, 0.3691241443157196, 0.3653211295604706, 0.3616074323654175, 0.35801637172698975, 0.35447993874549866, 0.351098895072937, 0.34763821959495544, 0.3443390130996704, 0.34108835458755493, 0.3379818797111511]}