{"binary_accuracy": [0.6547728180885315, 0.687344491481781, 0.7049906849861145, 0.7203824520111084, 0.7328202128410339, 0.7450248599052429, 0.7548198103904724, 0.7648476362228394, 0.7730876207351685, 0.778801441192627], "loss": [0.5462021827697754, 0.4931187927722931, 0.47067898511886597, 0.45523038506507874, 0.44316092133522034, 0.4330251216888428, 0.42417213320732117, 0.4162851870059967, 0.40912872552871704, 0.4026188850402832]}