{"binary_accuracy": [0.9690990447998047, 0.9698507785797119, 0.970656156539917, 0.9710319638252258, 0.9715690016746521, 0.9721060395240784, 0.972777247428894, 0.973233163356781, 0.9737165570259094, 0.9740387201309204], "loss": [0.09838992357254028, 0.09693518280982971, 0.09528547525405884, 0.09377934038639069, 0.09246774762868881, 0.09115376323461533, 0.08990725129842758, 0.08884573727846146, 0.08753283321857452, 0.08619203418493271]}