{"binary_accuracy": [0.6348277926445007, 0.68174809217453, 0.7005435228347778, 0.712092399597168, 0.7217389941215515, 0.7299817204475403, 0.7389492392539978, 0.74660325050354, 0.7535325884819031, 0.7604619860649109], "loss": [0.5744259357452393, 0.5283018350601196, 0.5112789869308472, 0.499418705701828, 0.48977527022361755, 0.48135894536972046, 0.473622590303421, 0.46636372804641724, 0.45936691761016846, 0.45248642563819885]}