{"binary_accuracy": [0.9999159574508667, 0.9999778270721436, 0.9999836087226868, 0.9999961853027344, 0.9999961853027344, 0.9999961853027344, 0.9999961853027344, 0.9999961853027344, 0.9999961853027344, 0.9999961853027344, 0.9999961853027344, 0.9999961853027344, 0.9999961853027344, 0.9999961853027344, 0.9999961853027344, 0.9999961853027344, 0.9999961853027344, 0.9999961853027344, 0.9999961853027344, 0.9999961853027344], "loss": [0.21669459342956543, 0.03639722988009453, 0.0167390089482069, 0.00192621152382344, 0.0009882558370009065, 0.0006151444395072758, 0.0005157660925760865, 0.0004566745483316481, 0.0004173316992819309, 0.00038994988426566124, 0.00036653413553722203, 0.0003506580542307347, 0.0003319060488138348, 0.00032117083901539445, 0.00031004686024971306, 0.0003016451373696327, 0.00029132701456546783, 0.000283370929537341, 0.00027448858600109816, 0.0002678621094673872]}