{"binary_accuracy": [0.9930910468101501, 0.9898492693901062, 0.9913372993469238, 0.9929580688476562, 0.9938350319862366, 0.994366466999054, 0.9948182106018066, 0.9951105117797852, 0.9955624341964722, 0.9956420660018921], "loss": [0.051467325538396835, 0.05264005810022354, 0.04343609884381294, 0.03892137482762337, 0.033770352602005005, 0.03301318362355232, 0.02980492077767849, 0.029682395979762077, 0.02706276811659336, 0.027290653437376022]}