{"binary_accuracy": [0.6526117920875549, 0.6814192533493042, 0.6921848058700562, 0.7002093195915222, 0.7068629860877991, 0.7116227149963379, 0.7167813777923584, 0.720743715763092, 0.7243321537971497, 0.7289923429489136], "loss": [0.571178138256073, 0.5247857570648193, 0.5119590163230896, 0.5038740634918213, 0.49771440029144287, 0.49252253770828247, 0.4879383146762848, 0.48367905616760254, 0.4796546399593353, 0.47588667273521423]}