{"binary_accuracy": [0.9996423721313477, 0.9996625781059265, 0.9996633529663086, 0.9996642470359802, 0.9996784925460815, 0.9997109174728394, 0.9997498393058777, 0.9997835755348206, 0.9998098015785217, 0.9998322129249573, 0.999853789806366, 0.9998787641525269, 0.9998946785926819, 0.9999063014984131, 0.9999208450317383, 0.9999346137046814, 0.9999440312385559, 0.9999527335166931, 0.9999585747718811, 0.9999650716781616], "loss": [8.234659194946289, 3.89843487739563, 3.1326658725738525, 2.4544782638549805, 1.8853150606155396, 1.4474735260009766, 1.152523398399353, 0.9493972063064575, 0.7975112199783325, 0.672869861125946, 0.5585852861404419, 0.4616680443286896, 0.3853045403957367, 0.3245861530303955, 0.2701064646244049, 0.22459258139133453, 0.18796537816524506, 0.1577380895614624, 0.1326521337032318, 0.11468582600355148]}