{"binary_accuracy": [0.5879934430122375, 0.645071804523468, 0.6438838839530945, 0.6499756574630737, 0.6541787981987, 0.6579861640930176, 0.6629812121391296, 0.6662098169326782, 0.6701086163520813, 0.6739463210105896], "loss": [0.6707432866096497, 0.49592798948287964, 0.48158392310142517, 0.4762929677963257, 0.4733394682407379, 0.47124284505844116, 0.4695773124694824, 0.46832412481307983, 0.4668607711791992, 0.4656243622303009]}