{"binary_accuracy": [0.6522197723388672, 0.6516619324684143, 0.6582649946212769, 0.6609933376312256, 0.6644655466079712, 0.6675350069999695, 0.6710069179534912, 0.674479067325592, 0.6772381663322449, 0.680524468421936], "loss": [0.5641028881072998, 0.5034968256950378, 0.4910377264022827, 0.48449766635894775, 0.4801653325557709, 0.4768613278865814, 0.47414907813072205, 0.471801221370697, 0.469721257686615, 0.4677772521972656]}