{"categorical_accuracy": [0.738043487071991, 0.949456512928009, 0.991847813129425, 0.9956521987915039, 0.9956521987915039, 0.9956521987915039, 0.9956521987915039, 0.9956521987915039, 0.9956521987915039, 0.9956521987915039, 0.9956521987915039, 0.9956521987915039, 0.9956521987915039, 0.9956521987915039, 0.9956521987915039, 0.9956521987915039, 0.9956521987915039, 0.9956521987915039, 0.9956521987915039, 0.9956521987915039], "loss": [0.5207139253616333, 0.07782106101512909, 0.011253081262111664, 0.005547749809920788, 0.004468907602131367, 0.004019575659185648, 0.003663852345198393, 0.00342494691722095, 0.003176647936925292, 0.003004587721079588, 0.0028398463036864996, 0.002704241080209613, 0.0025511905550956726, 0.0024413815699517727, 0.0023302314803004265, 0.0022184427361935377, 0.002122015692293644, 0.0020120858680456877, 0.0019192531472072005, 0.001828852342441678]}