{"binary_accuracy": [0.6181892156600952, 0.6341784596443176, 0.6456151008605957, 0.6546110510826111, 0.661713182926178, 0.6676139235496521, 0.6728946566581726, 0.6773017644882202, 0.6831293702125549, 0.6872451305389404], "loss": [0.6269199252128601, 0.5689774751663208, 0.555855393409729, 0.5457122325897217, 0.5381675958633423, 0.5320696830749512, 0.5267668962478638, 0.5219800472259521, 0.5176424980163574, 0.5135730504989624]}