{"binary_accuracy": [0.6297684907913208, 0.6265557408332825, 0.6507711410522461, 0.665719747543335, 0.6726868152618408, 0.6787744760513306, 0.6845238208770752, 0.6916598677635193, 0.697544276714325, 0.7041735649108887], "loss": [0.6010513305664062, 0.5756279826164246, 0.5533422231674194, 0.5437350869178772, 0.5367886424064636, 0.5311195850372314, 0.5259615182876587, 0.5209094882011414, 0.5158741474151611, 0.5107889175415039]}