{"binary_accuracy": [0.7676575183868408, 0.7716591358184814, 0.7743902206420898, 0.7763592600822449, 0.7808688879013062, 0.7825838327407837, 0.7843623161315918, 0.7864582538604736, 0.7880463004112244, 0.7899516820907593], "loss": [0.389506459236145, 0.3858649730682373, 0.38251546025276184, 0.3794623017311096, 0.3765200078487396, 0.3736048638820648, 0.3709545135498047, 0.36840173602104187, 0.36584338545799255, 0.36345329880714417]}