{"categorical_accuracy": [0.10443548113107681, 0.6149193644523621, 0.8076612949371338, 0.8927419185638428, 0.9262096881866455, 0.9544354677200317, 0.9697580933570862, 0.9778226017951965, 0.9830645322799683, 0.9879032373428345, 0.9903225898742676, 0.9927419424057007, 0.9939516186714172, 0.9947580695152283, 0.9951612949371338, 0.9951612949371338, 0.9967741966247559, 0.9967741966247559, 0.9971774220466614, 0.9971774220466614], "loss": [3.612403631210327, 0.8950299620628357, 0.41351574659347534, 0.22712348401546478, 0.13722124695777893, 0.07904944568872452, 0.05008642375469208, 0.03459133207798004, 0.025700312107801437, 0.020153872668743134, 0.01628752239048481, 0.013381158001720905, 0.01116645522415638, 0.0094660185277462, 0.008114494383335114, 0.0069695282727479935, 0.006059754639863968, 0.0052819824777543545, 0.004616482183337212, 0.0040687574073672295]}