{"categorical_accuracy": [0.036662012338638306, 0.24441340565681458, 0.44099161028862, 0.5844972133636475, 0.6972765326499939, 0.7733938694000244, 0.826815664768219, 0.8603351712226868, 0.8830307126045227, 0.9008380174636841, 0.9113128781318665, 0.9203910827636719, 0.9270251393318176, 0.9312151074409485, 0.9364525079727173, 0.943086564540863, 0.9465782046318054, 0.9507681727409363, 0.9542597532272339, 0.957402229309082], "loss": [6.663492202758789, 2.3652679920196533, 1.396588683128357, 0.8677036762237549, 0.5609334707260132, 0.38463377952575684, 0.27424511313438416, 0.20279796421527863, 0.15625523030757904, 0.12345407903194427, 0.09954383969306946, 0.08164176344871521, 0.06768307834863663, 0.05656350031495094, 0.04754618927836418, 0.04008916765451431, 0.03393823653459549, 0.02884754166007042, 0.02459116093814373, 0.02098839171230793]}