{"binary_accuracy": [0.5897376537322998, 0.6730323433876038, 0.6966820359230042, 0.7079476714134216, 0.7177085876464844, 0.7242284417152405, 0.7293980121612549, 0.7347605228424072, 0.7381173372268677, 0.7424768209457397], "loss": [0.7132925391197205, 0.48459115624427795, 0.4631907045841217, 0.45337510108947754, 0.4465066194534302, 0.44112834334373474, 0.4365253448486328, 0.43249401450157166, 0.4290049374103546, 0.4250674843788147]}