{"binary_accuracy": [0.6027056574821472, 0.6970274448394775, 0.7242122888565063, 0.7364711165428162, 0.7436483502388, 0.7478405237197876, 0.7519053816795349, 0.7565422058105469, 0.7596544027328491, 0.762830376625061], "loss": [0.6711947917938232, 0.47609612345695496, 0.4511340856552124, 0.4358290731906891, 0.4247337579727173, 0.4161907434463501, 0.40907999873161316, 0.40311098098754883, 0.3980194330215454, 0.3935415744781494]}