{"binary_accuracy": [0.6256428956985474, 0.6826774477958679, 0.7057933211326599, 0.71736741065979, 0.7263693809509277, 0.7329922318458557, 0.7389081716537476, 0.7441484928131104, 0.7484888434410095, 0.7530864477157593], "loss": [0.6148116588592529, 0.5402279496192932, 0.5139868855476379, 0.4986572265625, 0.4875001311302185, 0.4783901274204254, 0.47052523493766785, 0.4635825455188751, 0.4573400914669037, 0.45165514945983887]}