{"binary_accuracy": [0.97376549243927, 1.0, 1.0, 1.0, 1.0, 1.0, 1.0, 1.0, 1.0, 1.0], "loss": [0.6389820575714111, 0.2783209979534149, 0.031587257981300354, 0.006983127910643816, 0.0032182466238737106, 0.0018824328435584903, 0.001240760670043528, 0.0008804990793578327, 0.0006572847487404943, 0.0005091519560664892]}