{"binary_accuracy": [0.6068342924118042, 0.6196328997612, 0.6314150094985962, 0.6441184282302856, 0.6526930928230286, 0.661236047744751, 0.6682228446006775, 0.6733995079994202, 0.6804814338684082, 0.685467541217804], "loss": [0.6634194850921631, 0.6040270924568176, 0.5850180983543396, 0.573538601398468, 0.5651071071624756, 0.558221697807312, 0.5521717667579651, 0.5466392636299133, 0.5414435863494873, 0.536491870880127]}