{"binary_accuracy": [0.6266695261001587, 0.6553151607513428, 0.6657986044883728, 0.6766160130500793, 0.6856970191001892, 0.6933761239051819, 0.6999531388282776, 0.7043935060501099, 0.7078325748443604, 0.7101695537567139, 0.7123730182647705, 0.7144095301628113, 0.717581570148468, 0.7205862998962402, 0.7230570316314697, 0.72532719373703, 0.728331983089447, 0.7309361696243286, 0.7336739301681519, 0.7357774972915649], "loss": [0.37723419070243835, 0.3200228214263916, 0.3073468804359436, 0.300509512424469, 0.29565590620040894, 0.2917979061603546, 0.28844425082206726, 0.28545138239860535, 0.2827163636684418, 0.2801963984966278, 0.27781519293785095, 0.27548784017562866, 0.27320724725723267, 0.2709662914276123, 0.2687843143939972, 0.26666688919067383, 0.26457396149635315, 0.26252689957618713, 0.260489284992218, 0.25845247507095337]}