{"binary_accuracy": [0.5755330324172974, 0.6103774905204773, 0.6383264660835266, 0.6584264636039734, 0.6699434518814087, 0.6763741374015808, 0.6813870072364807, 0.6865465044975281, 0.6903122663497925, 0.6940041780471802, 0.6970853209495544, 0.7020732760429382, 0.7062548995018005, 0.7106317281723022, 0.714372992515564, 0.7166959643363953, 0.7192392349243164, 0.7236648797988892, 0.7263302803039551, 0.7298024296760559, 0.7327855229377747, 0.7352306842803955, 0.7381896376609802, 0.7402433753013611, 0.7434468269348145, 0.7465031147003174, 0.7481172680854797, 0.7515652179718018, 0.7541326284408569, 0.7567728757858276, 0.7587538361549377, 0.7610278725624084, 0.7631552815437317, 0.7652581930160522, 0.7676054239273071, 0.7700261473655701, 0.7724961042404175, 0.7743300199508667, 0.7766287326812744, 0.778633713722229, 0.7808589339256287, 0.7828394770622253, 0.7842574715614319, 0.7860183119773865, 0.7877057790756226, 0.7894174456596375, 0.7905663251876831, 0.7917401790618896, 0.7930116057395935, 0.7942342758178711], "loss": [0.535212516784668, 0.4304240345954895, 0.40234804153442383, 0.3849239945411682, 0.3728337287902832, 0.36375313997268677, 0.356616735458374, 0.3505215346813202, 0.3449106812477112, 0.33995699882507324, 0.3357536494731903, 0.33202987909317017, 0.32861775159835815, 0.3256192207336426, 0.32279297709465027, 0.3199805021286011, 0.3174292743206024, 0.31480154395103455, 0.3122990131378174, 0.3098143935203552, 0.30732107162475586, 0.3049759268760681, 0.30276477336883545, 0.30044859647750854, 0.29826080799102783, 0.2960556149482727, 0.29388582706451416, 0.29179075360298157, 0.2897108197212219, 0.2877388298511505, 0.28586098551750183, 0.2840295433998108, 0.282200425863266, 0.2803531587123871, 0.27869516611099243, 0.27680861949920654, 0.27511513233184814, 0.27328595519065857, 0.27146145701408386, 0.2695288360118866, 0.26746127009391785, 0.26541462540626526, 0.26353204250335693, 0.2617456614971161, 0.2599010765552521, 0.2582516670227051, 0.25656643509864807, 0.25493505597114563, 0.25344452261924744, 0.25201499462127686]}