{"binary_accuracy": [0.6205260157585144, 0.6630876660346985, 0.6768766641616821, 0.6858710646629333, 0.6922266483306885, 0.6988345980644226, 0.7023904919624329, 0.7079662084579468, 0.7133121490478516, 0.7176485657691956], "loss": [0.6284737586975098, 0.5602118372917175, 0.5434417128562927, 0.5323929786682129, 0.5236114859580994, 0.5160276293754578, 0.5092764496803284, 0.503075897693634, 0.4972957968711853, 0.49185436964035034]}