{"binary_accuracy": [0.6158394813537598, 0.7066176533699036, 0.7294424772262573, 0.7419423460960388, 0.7516238689422607, 0.7604166269302368, 0.768964409828186, 0.776899516582489, 0.7830881476402283, 0.7899202108383179, 0.7956799864768982, 0.8019301295280457, 0.8060967922210693, 0.81112140417099, 0.8163599967956543, 0.8211091756820679, 0.8263787031173706, 0.8310354948043823, 0.8353551626205444, 0.8395218849182129], "loss": [0.49818626046180725, 0.33633050322532654, 0.3014512360095978, 0.2845495641231537, 0.2725498080253601, 0.26311275362968445, 0.2548463046550751, 0.24751317501068115, 0.2408096343278885, 0.23468488454818726, 0.2288152426481247, 0.22340817749500275, 0.21786510944366455, 0.21268236637115479, 0.20792114734649658, 0.20310571789741516, 0.19849702715873718, 0.19403555989265442, 0.18988752365112305, 0.18608173727989197]}