{"binary_accuracy": [0.6857553124427795, 0.7220832705497742, 0.742838442325592, 0.75432288646698, 0.7624740600585938, 0.7704427242279053, 0.7762759327888489, 0.7823177576065063, 0.7872133851051331, 0.791744589805603], "loss": [0.5614940524101257, 0.49908947944641113, 0.4739798307418823, 0.45932820439338684, 0.44862788915634155, 0.439532995223999, 0.43194735050201416, 0.42536887526512146, 0.41931644082069397, 0.4138256311416626]}