{"binary_accuracy": [0.6255182027816772, 0.6562772393226624, 0.6712477207183838, 0.679101288318634, 0.6851823329925537, 0.6914265155792236, 0.6978623867034912, 0.703533947467804, 0.7077881693840027, 0.7122600078582764], "loss": [0.6047882437705994, 0.5587620139122009, 0.5440672636032104, 0.5347809195518494, 0.5275949239730835, 0.5215539336204529, 0.5161240696907043, 0.5112440586090088, 0.506533145904541, 0.5019776225090027]}