{"binary_accuracy": [0.7473958730697632, 0.7369791865348816, 0.7473958134651184, 0.75, 0.7578125, 0.7838541865348816, 0.796875, 0.796875, 0.796875, 0.8020833730697632], "loss": [0.6025409698486328, 0.6235070824623108, 0.5923066139221191, 0.5788435339927673, 0.5622978806495667, 0.5428827404975891, 0.5232763290405273, 0.5051114559173584, 0.4885067343711853, 0.47281426191329956]}