{"categorical_accuracy": [0.43446969985961914, 0.8284090757369995, 0.9704545736312866, 0.9882575869560242, 0.9950757622718811, 0.9962121248245239, 0.9965909123420715, 0.9969696998596191, 0.9973484873771667, 0.9973484873771667, 0.9977272748947144, 0.9977272748947144, 0.9977272748947144, 0.998106062412262, 0.998106062412262, 0.998106062412262, 0.998106062412262, 0.998106062412262, 0.998106062412262, 0.998106062412262], "loss": [2.016951084136963, 0.39439934492111206, 0.06306213140487671, 0.029704315587878227, 0.0177665613591671, 0.013024924322962761, 0.01047088298946619, 0.00868622213602066, 0.007410507649183273, 0.006402140483260155, 0.005603544879704714, 0.004955853335559368, 0.004407430067658424, 0.0039287107065320015, 0.003534389892593026, 0.0031946355011314154, 0.002890204545110464, 0.002614016178995371, 0.0023754904977977276, 0.0021589321549981833]}