{"categorical_accuracy": [0.712890625, 0.94970703125, 0.99609375, 0.9990234375, 0.9990234375, 0.9990234375, 0.9990234375, 0.9990234375, 0.9990234375, 0.9990234375, 0.99951171875, 0.99951171875, 0.99951171875, 0.99951171875, 0.99951171875, 0.99951171875, 0.99951171875, 0.99951171875, 0.99951171875, 0.99951171875], "loss": [0.6872115731239319, 0.09342124313116074, 0.014173443429172039, 0.005164639558643103, 0.003898524446412921, 0.0034085928928107023, 0.0029978619422763586, 0.0026972198393195868, 0.002489052712917328, 0.0022784245666116476, 0.0021118386648595333, 0.001957761123776436, 0.0018272597808390856, 0.0017043903935700655, 0.0015948708169162273, 0.0014986272435635328, 0.0014014581684023142, 0.001316516543738544, 0.001240587793290615, 0.001170318922959268]}