{"binary_accuracy": [0.6338281035423279, 0.657213568687439, 0.6754165887832642, 0.6859373450279236, 0.6933590769767761, 0.7000004649162292, 0.7047656774520874, 0.7091665863990784, 0.7132028341293335, 0.7181249856948853], "loss": [0.6077181100845337, 0.5677866339683533, 0.5510954260826111, 0.5410183072090149, 0.5334407091140747, 0.5270988941192627, 0.5214435458183289, 0.5162885189056396, 0.511548638343811, 0.5070944428443909]}