{"categorical_accuracy": [0.6446759104728699, 0.9629629850387573, 0.9976851940155029, 0.9976851940155029, 0.9976851940155029, 0.9976851940155029, 0.9976851940155029, 0.9976851940155029, 0.9976851940155029, 0.9976851940155029, 0.9976851940155029, 0.9976851940155029, 0.9976851940155029, 0.9976851940155029, 0.9976851940155029, 0.9976851940155029, 0.9976851940155029, 0.9976851940155029, 0.9976851940155029, 0.9976851940155029], "loss": [0.8435965180397034, 0.06925225257873535, 0.004252771381288767, 0.0023994233924895525, 0.0020137487445026636, 0.001766258617863059, 0.0015908018685877323, 0.0014561472926288843, 0.0013450906844809651, 0.0012592626735568047, 0.00118243636097759, 0.0011145392199978232, 0.001056897803209722, 0.001006969134323299, 0.0009570955880917609, 0.000917616009246558, 0.000878850813023746, 0.0008438919903710485, 0.0008108006441034377, 0.0007810360402800143]}