{"binary_accuracy": [0.8275882005691528, 0.8290646076202393, 0.83099764585495, 0.8327966928482056, 0.8348637819290161, 0.8369578123092651, 0.8386489748954773, 0.8406356573104858, 0.8424882292747498, 0.8442867994308472], "loss": [0.35822075605392456, 0.3553975820541382, 0.35220664739608765, 0.34903666377067566, 0.3459045886993408, 0.34284329414367676, 0.3398229479789734, 0.3368234932422638, 0.33379194140434265, 0.3308200538158417]}