{"binary_accuracy": [0.9996318817138672, 0.9996656179428101, 0.9996656179428101, 0.9996657967567444, 0.9996665120124817, 0.9996687173843384, 0.999674379825592, 0.9996854662895203, 0.9997019171714783, 0.9997256398200989, 0.9997477531433105, 0.9997761845588684, 0.9998033046722412, 0.999828040599823, 0.9998496770858765, 0.9998699426651001, 0.9998875856399536, 0.9999014735221863, 0.9999110698699951, 0.9999176263809204], "loss": [8.123381614685059, 4.088474750518799, 3.6051416397094727, 3.173506736755371, 2.732802391052246, 2.2903213500976562, 1.893166184425354, 1.5794867277145386, 1.3310396671295166, 1.1256895065307617, 0.9485732913017273, 0.7981417775154114, 0.6734443306922913, 0.5744889974594116, 0.49608954787254333, 0.42463240027427673, 0.3652762770652771, 0.31902015209198, 0.2893258035182953, 0.26166394352912903]}