{"binary_accuracy": [0.6347190737724304, 0.6566487550735474, 0.667887806892395, 0.6762858629226685, 0.6852320432662964, 0.691163182258606, 0.6960972547531128, 0.7003335952758789, 0.7049441337585449, 0.7086074352264404], "loss": [0.5964969992637634, 0.5499452948570251, 0.5364338159561157, 0.5279085636138916, 0.5214204788208008, 0.5160492062568665, 0.51129549741745, 0.506913423538208, 0.5027719140052795, 0.4988117218017578]}