{"binary_accuracy": [0.6146749258041382, 0.6726973056793213, 0.6872562766075134, 0.6990742683410645, 0.7064448595046997, 0.7133283615112305, 0.7204249501228333, 0.7255116701126099, 0.7319077849388123, 0.7358673214912415, 0.7422029972076416, 0.745735764503479, 0.7507918477058411, 0.7546601891517639, 0.7574318051338196, 0.7611780762672424, 0.7641935348510742, 0.7665995955467224, 0.7689144015312195, 0.7710770964622498], "loss": [0.43294042348861694, 0.32763075828552246, 0.3138866424560547, 0.3053596317768097, 0.2990629971027374, 0.2939244210720062, 0.2895379960536957, 0.2857285439968109, 0.28225621581077576, 0.2790805995464325, 0.2760637104511261, 0.2731669843196869, 0.2704077661037445, 0.2677209973335266, 0.26516345143318176, 0.26275306940078735, 0.2604067027568817, 0.25808408856391907, 0.25575581192970276, 0.25336959958076477]}