{"binary_accuracy": [0.6192274689674377, 0.6461924910545349, 0.6632798910140991, 0.6759544610977173, 0.6849857568740845, 0.6926571726799011, 0.6994306445121765, 0.7058960199356079, 0.7120791077613831, 0.7183139324188232], "loss": [0.6086666584014893, 0.5767636895179749, 0.5610819458961487, 0.5503304600715637, 0.5418816208839417, 0.5344669222831726, 0.5276287198066711, 0.5211809873580933, 0.5150694251060486, 0.5091555118560791]}