{"categorical_accuracy": [0.007401315961033106, 0.2409539520740509, 0.46875, 0.6266447305679321, 0.7368420958518982, 0.8297697305679321, 0.8881579041481018, 0.9194079041481018, 0.9416118264198303, 0.9465460777282715, 0.9564144611358643, 0.9629934430122375, 0.9703947305679321, 0.9712170958518982, 0.9736841917037964, 0.9761512875556946, 0.9786184430122375, 0.9794408082962036, 0.9810855388641357, 0.9819079041481018], "loss": [5.383155345916748, 1.9028546810150146, 1.1012049913406372, 0.7460374236106873, 0.5262150168418884, 0.37798765301704407, 0.25886374711990356, 0.19173596799373627, 0.13917279243469238, 0.11172285676002502, 0.08826178312301636, 0.07343930006027222, 0.060675106942653656, 0.052901774644851685, 0.0453544482588768, 0.0402613990008831, 0.035075120627880096, 0.0315285287797451, 0.02799922227859497, 0.025323452427983284]}