{"binary_accuracy": [0.6003788709640503, 0.6431501507759094, 0.6561447978019714, 0.6665614247322083, 0.6767151355743408, 0.686710774898529, 0.6940762996673584, 0.6972853541374207, 0.7030723094940186, 0.7070183157920837], "loss": [0.5743698477745056, 0.5383036732673645, 0.526493489742279, 0.519980788230896, 0.5151859521865845, 0.5112221837043762, 0.5077372789382935, 0.5045256018638611, 0.5013599991798401, 0.4982438385486603]}