{"binary_accuracy": [0.5813405513763428, 0.5786832571029663, 0.578683078289032, 0.5786831974983215, 0.5786832571029663, 0.578683078289032, 0.5786831378936768, 0.5786832571029663, 0.5786831974983215, 0.5786832571029663], "loss": [0.026581119745969772, 0.0001610594044905156, 9.620307537261397e-05, 6.646088149864227e-05, 4.935351535095833e-05, 3.825431122095324e-05, 3.050981649721507e-05, 2.4843908249749802e-05, 2.0539173419820145e-05, 1.7182150259031914e-05]}