{"binary_accuracy": [0.8229166269302368, 0.828125, 0.828125, 0.8385416269302368, 0.84375, 0.84375, 0.8697916269302368, 0.875, 0.8802083730697632, 0.890625], "loss": [0.41564369201660156, 0.4124019145965576, 0.4025173783302307, 0.3980664610862732, 0.38996556401252747, 0.3814746141433716, 0.3697062134742737, 0.3609689176082611, 0.3540370464324951, 0.3450879156589508]}