{"binary_accuracy": [0.5763795375823975, 0.5833055377006531, 0.5925032496452332, 0.6000388264656067, 0.6055795550346375, 0.6110372543334961, 0.6151096820831299, 0.6185728311538696, 0.6216755509376526, 0.6248337626457214], "loss": [0.6544622778892517, 0.6141771674156189, 0.5987517833709717, 0.5886321067810059, 0.581483006477356, 0.5760883688926697, 0.5719128251075745, 0.5682687759399414, 0.5652587413787842, 0.5624714493751526]}