{"binary_accuracy": [0.6240711808204651, 0.664046049118042, 0.6738321781158447, 0.6806660890579224, 0.6857748627662659, 0.6920448541641235, 0.695760190486908, 0.6994093656539917, 0.7015990018844604, 0.7063759565353394, 0.7101912498474121, 0.714835524559021, 0.7177550792694092, 0.7205080986022949, 0.7240911722183228, 0.7281052470207214, 0.7320528626441956, 0.7357020378112793, 0.7392182946205139, 0.7431663274765015], "loss": [0.34923139214515686, 0.3056146800518036, 0.29862865805625916, 0.29461947083473206, 0.2917303144931793, 0.28937622904777527, 0.28734108805656433, 0.2853248417377472, 0.28347134590148926, 0.28156524896621704, 0.27965930104255676, 0.2777068316936493, 0.27568286657333374, 0.27368587255477905, 0.27162641286849976, 0.2694920301437378, 0.26741188764572144, 0.2653502821922302, 0.2632467448711395, 0.26111769676208496]}