{"binary_accuracy": [0.9995680451393127, 0.9999275207519531, 0.9999715089797974, 0.9999868273735046, 0.9999879598617554, 0.9999901652336121, 0.9999901652336121, 0.9999890327453613, 0.9999901652336121, 0.9999911785125732, 0.9999911785125732, 0.9999911785125732, 0.9999911785125732, 0.9999933838844299, 0.9999944567680359, 0.9999944567680359, 0.9999955892562866, 0.9999955892562866, 0.9999955892562866, 0.9999955892562866], "loss": [2.791175365447998, 0.1784624606370926, 0.06527688354253769, 0.02893555723130703, 0.021489141508936882, 0.017777998000383377, 0.015379891730844975, 0.013614778406918049, 0.012228074483573437, 0.011129900813102722, 0.010254559107124805, 0.009479701519012451, 0.008815232664346695, 0.008249200880527496, 0.0077567086555063725, 0.0073050581850111485, 0.006921584717929363, 0.0065545495599508286, 0.006198148708790541, 0.005895177833735943]}