{"binary_accuracy": [0.6248303055763245, 0.6957654356956482, 0.7203918695449829, 0.7332994341850281, 0.7421875, 0.751018762588501, 0.7595672607421875, 0.7683990597724915, 0.776607871055603, 0.784816563129425], "loss": [0.5952559113502502, 0.5033276081085205, 0.47172895073890686, 0.45304542779922485, 0.43962427973747253, 0.42881572246551514, 0.41956639289855957, 0.41132065653800964, 0.4038136899471283, 0.3969164192676544]}