{"binary_accuracy": [0.6432528495788574, 0.6874525547027588, 0.7047349214553833, 0.7186314463615417, 0.726965069770813, 0.73465895652771, 0.7415007948875427, 0.7475853562355042, 0.7513258457183838, 0.7559422850608826], "loss": [0.5824453830718994, 0.5095816254615784, 0.48830652236938477, 0.4743099510669708, 0.4635685682296753, 0.45498842000961304, 0.4477078914642334, 0.44139108061790466, 0.43569812178611755, 0.4302985668182373]}