{"binary_accuracy": [0.7025318145751953, 0.7499338984489441, 0.7674378752708435, 0.7774262428283691, 0.786854088306427, 0.7932817935943604, 0.8007317781448364, 0.8069289922714233, 0.8125001788139343, 0.8180378675460815], "loss": [1.2795703411102295, 0.6192846894264221, 0.5280435681343079, 0.4858149290084839, 0.4580630660057068, 0.436431348323822, 0.4190632402896881, 0.40469178557395935, 0.3920249938964844, 0.38018113374710083]}