{"binary_accuracy": [0.6220466494560242, 0.6375911235809326, 0.6523034572601318, 0.6634986400604248, 0.6712308526039124, 0.6797950267791748, 0.6867480874061584, 0.6928694248199463, 0.697513997554779, 0.7019435167312622], "loss": [0.5826063752174377, 0.5579999685287476, 0.5461002588272095, 0.5378646850585938, 0.5313830971717834, 0.5259330868721008, 0.521108090877533, 0.5167140960693359, 0.5126118659973145, 0.5087750554084778]}