{"binary_accuracy": [0.4472386837005615, 0.44723862409591675, 0.44723859429359436, 0.44726958870887756, 0.4472387135028839, 0.4473002851009369, 0.44723862409591675, 0.44723862409591675, 0.4472386837005615, 0.44723862409591675], "loss": [0.0, 0.0, 0.0, 0.0, 0.0, 0.0, 0.0, 0.0, 0.0, 0.0]}