{"binary_accuracy": [0.6124157309532166, 0.6329109072685242, 0.6514077186584473, 0.663232147693634, 0.6735923886299133, 0.6810811758041382, 0.6894990801811218, 0.696058452129364, 0.7023648619651794, 0.7082207798957825], "loss": [0.6313684582710266, 0.5771166086196899, 0.5609390735626221, 0.5504378080368042, 0.542092502117157, 0.53460294008255, 0.5275340676307678, 0.5211265087127686, 0.5147911310195923, 0.5089166760444641]}