{"binary_accuracy": [0.6393314599990845, 0.6571690440177917, 0.6646921634674072, 0.6717048287391663, 0.6804873943328857, 0.6867168545722961, 0.6915166974067688, 0.6949891448020935, 0.7005038261413574, 0.7042825222015381, 0.7077886462211609, 0.712452232837677, 0.7161968350410461, 0.7193626165390015, 0.7221882343292236, 0.7247413396835327, 0.7277368903160095, 0.7310730814933777, 0.7346814274787903, 0.7382554411888123], "loss": [0.37610772252082825, 0.3279472887516022, 0.3188638985157013, 0.3145512640476227, 0.31180325150489807, 0.3096623718738556, 0.3078806698322296, 0.3062079846858978, 0.3046910762786865, 0.3031187951564789, 0.30145084857940674, 0.29985883831977844, 0.2981697618961334, 0.29654839634895325, 0.29476678371429443, 0.2929541766643524, 0.2910545766353607, 0.28902867436408997, 0.2870481014251709, 0.28499311208724976]}