{"binary_accuracy": [0.5957723259925842, 0.6150820255279541, 0.634973406791687, 0.6452515125274658, 0.6532579064369202, 0.6604334712028503, 0.6662235260009766, 0.6707670092582703, 0.6744515299797058, 0.6783022880554199], "loss": [0.6180135011672974, 0.5740137100219727, 0.5592926740646362, 0.5520390272140503, 0.5465781688690186, 0.5420010685920715, 0.537983238697052, 0.5342725515365601, 0.5308324694633484, 0.5276030898094177]}