{"binary_accuracy": [0.6200962662696838, 0.6356658339500427, 0.640929639339447, 0.6476064920425415, 0.6528700590133667, 0.6580784916877747, 0.6627880930900574, 0.6662788987159729, 0.6709883809089661, 0.6752548813819885], "loss": [0.6379221081733704, 0.6038272976875305, 0.5920616984367371, 0.5841261148452759, 0.5778276920318604, 0.5727683305740356, 0.5684331655502319, 0.5646523237228394, 0.5611612200737, 0.5579036474227905]}