{"binary_accuracy": [0.6331615447998047, 0.6325441598892212, 0.6370541453361511, 0.643792986869812, 0.6506121754646301, 0.6550686359405518, 0.6599010825157166, 0.6651362776756287, 0.6696735620498657, 0.6749088168144226], "loss": [0.5705983638763428, 0.5626130104064941, 0.5553061366081238, 0.5491521954536438, 0.5442233681678772, 0.5399881601333618, 0.5362002849578857, 0.5327354669570923, 0.5294679999351501, 0.5263923406600952]}