{"binary_accuracy": [0.9938398599624634, 0.9934433698654175, 0.9943423271179199, 0.9953734874725342, 0.9958493709564209, 0.9962988495826721, 0.996616005897522, 0.9968538880348206, 0.997223973274231, 0.9973032474517822], "loss": [0.04122278839349747, 0.039341527968645096, 0.033682163804769516, 0.03018316999077797, 0.02793075144290924, 0.02592708356678486, 0.024464083835482597, 0.02324846386909485, 0.022006554529070854, 0.021128306165337563]}