{"binary_accuracy": [0.6275473237037659, 0.6412194967269897, 0.6422101259231567, 0.6492583751678467, 0.6561934351921082, 0.6626473069190979, 0.6721298098564148, 0.679914116859436, 0.6884341835975647, 0.6933878064155579], "loss": [0.6097909808158875, 0.5771746039390564, 0.5759361386299133, 0.5710005760192871, 0.5639767646789551, 0.5575484037399292, 0.5514922142028809, 0.5450765490531921, 0.5385816693305969, 0.5343703627586365]}