{"binary_accuracy": [0.590175449848175, 0.6625307202339172, 0.6706495881080627, 0.676572859287262, 0.686274528503418, 0.6957720518112183, 0.704095184803009, 0.7107841372489929, 0.7166562676429749, 0.7236518263816833, 0.7270220518112183, 0.7326387166976929, 0.7360602021217346, 0.7389706373214722, 0.7410641312599182, 0.7436172366142273, 0.7463235855102539, 0.7501531839370728, 0.7529615759849548, 0.7560251951217651], "loss": [0.45014137029647827, 0.318732351064682, 0.3029341995716095, 0.2947707176208496, 0.2885863780975342, 0.2837405502796173, 0.27986449003219604, 0.276338666677475, 0.2730199098587036, 0.2702067792415619, 0.26756465435028076, 0.26514220237731934, 0.26309987902641296, 0.26107257604599, 0.25914672017097473, 0.2573329508304596, 0.25555962324142456, 0.25379449129104614, 0.25216519832611084, 0.2505302429199219]}