{"binary_accuracy": [0.6408189535140991, 0.6645888686180115, 0.6747838854789734, 0.6803525686264038, 0.6860871911048889, 0.6901043653488159, 0.6941491961479187, 0.6971412301063538, 0.6999666690826416, 0.7027924656867981], "loss": [0.5855200886726379, 0.5409381985664368, 0.5311503410339355, 0.5251259207725525, 0.5201743245124817, 0.5163002610206604, 0.5127203464508057, 0.509690523147583, 0.5065219402313232, 0.5032711625099182]}