{"binary_accuracy": [0.6381048560142517, 0.6627687811851501, 0.6854836940765381, 0.7005375623703003, 0.7151544690132141, 0.7263441681861877, 0.7362567186355591, 0.7436493039131165, 0.7494621872901917, 0.75487220287323], "loss": [0.5864437222480774, 0.5376017689704895, 0.516974151134491, 0.5024325251579285, 0.4909396171569824, 0.4811534881591797, 0.47251060605049133, 0.4647211730480194, 0.4574888050556183, 0.4507301449775696]}