{"binary_accuracy": [0.6899204254150391, 0.7026346325874329, 0.7215381860733032, 0.738725483417511, 0.746997594833374, 0.754197359085083, 0.7615503668785095, 0.767340898513794, 0.7715381383895874, 0.7758886814117432, 0.780943751335144, 0.7852023243904114, 0.790257453918457, 0.7939645051956177, 0.7970895171165466, 0.8011337518692017, 0.8041667938232422, 0.8071998357772827, 0.8115500807762146, 0.8144913911819458], "loss": [0.39510485529899597, 0.3650413453578949, 0.3435078561306, 0.32686296105384827, 0.31862160563468933, 0.3115657567977905, 0.3054133355617523, 0.3000909686088562, 0.29525887966156006, 0.2909815013408661, 0.28688541054725647, 0.2830159366130829, 0.2792317867279053, 0.275515615940094, 0.27190789580345154, 0.2684398889541626, 0.2648817300796509, 0.2614595890045166, 0.2582370340824127, 0.2550336718559265]}