{"binary_accuracy": [0.6195176839828491, 0.6355733871459961, 0.6508066058158875, 0.6620063781738281, 0.6736372709274292, 0.6837406158447266, 0.6916117072105408, 0.6996005177497864, 0.7052005529403687, 0.7103304862976074], "loss": [0.6509056091308594, 0.6009904742240906, 0.5819765329360962, 0.5686336159706116, 0.5577590465545654, 0.5484049916267395, 0.5400282144546509, 0.5323758125305176, 0.5252817869186401, 0.5184653401374817]}