{"binary_accuracy": [0.6573976278305054, 0.6777896285057068, 0.6873235106468201, 0.6986228227615356, 0.7078917622566223, 0.7171168327331543, 0.7230314016342163, 0.7296522855758667, 0.7360522747039795, 0.7419227361679077], "loss": [0.5280352830886841, 0.48642849922180176, 0.47312843799591064, 0.4649352729320526, 0.4584081172943115, 0.4527871906757355, 0.4476688802242279, 0.4428841173648834, 0.43833744525909424, 0.43400371074676514]}