{"binary_accuracy": [0.7930639386177063, 0.7961127758026123, 0.7978913187980652, 0.7995427846908569, 0.8009403347969055, 0.8034170866012573, 0.8065930604934692, 0.8072916269302368, 0.8087523579597473, 0.8103403449058533], "loss": [0.36109793186187744, 0.3587988317012787, 0.3565121293067932, 0.35433316230773926, 0.35216739773750305, 0.3500571548938751, 0.34800097346305847, 0.34590452909469604, 0.34388449788093567, 0.3418828547000885]}