{"binary_accuracy": [0.6221108436584473, 0.6491788029670715, 0.6657542586326599, 0.6782618165016174, 0.6878802180290222, 0.6961296796798706, 0.7024785876274109, 0.7089797854423523, 0.7157085537910461, 0.7217152118682861], "loss": [0.6328637599945068, 0.5772244930267334, 0.5564086437225342, 0.5425580143928528, 0.5319674611091614, 0.5231030583381653, 0.5153725743293762, 0.5083610415458679, 0.5018784999847412, 0.49570316076278687]}