{"binary_accuracy": [0.6062774658203125, 0.6552905440330505, 0.676480233669281, 0.6909265518188477, 0.7039746642112732, 0.7125822305679321, 0.7199012637138367, 0.7255758047103882, 0.7321546673774719, 0.7364310026168823], "loss": [0.6292193531990051, 0.4977162778377533, 0.47521278262138367, 0.46261361241340637, 0.4539012610912323, 0.4473102390766144, 0.4418785870075226, 0.4371764659881592, 0.4328775107860565, 0.42890864610671997]}