{"binary_accuracy": [0.614647626876831, 0.6613941192626953, 0.6809412837028503, 0.6948946118354797, 0.7052469849586487, 0.7143775820732117, 0.721707820892334, 0.7277520895004272, 0.7342463135719299, 0.7400977611541748, 0.743055522441864, 0.7499356865882874, 0.7552083134651184, 0.7597737908363342, 0.7645962834358215, 0.7697400450706482, 0.7743055820465088, 0.7768775820732117, 0.7811213731765747, 0.7849150896072388], "loss": [0.45734503865242004, 0.38462498784065247, 0.3607802093029022, 0.3469512462615967, 0.3370323181152344, 0.3289792537689209, 0.32267463207244873, 0.3166818916797638, 0.3114825189113617, 0.3068923056125641, 0.3022823929786682, 0.2979882061481476, 0.29405727982521057, 0.2902732491493225, 0.2862107455730438, 0.28253668546676636, 0.27908632159233093, 0.275803804397583, 0.27265244722366333, 0.2690080404281616]}