{"categorical_accuracy": [0.08922292292118073, 0.18240155279636383, 0.25971344113349915, 0.3517053425312042, 0.4418072998523712, 0.5251845717430115, 0.6012218594551086, 0.6576125025749207, 0.7086849212646484, 0.7507472038269043, 0.7839310765266418, 0.8135548233985901, 0.8357067704200745, 0.8543864488601685, 0.8698136210441589, 0.8829113841056824, 0.8924490213394165, 0.90097576379776, 0.9095903635025024, 0.917633593082428, 0.9278305172920227, 0.9304676651954651, 0.9418073296546936, 0.9428182244300842, 0.946905791759491, 0.9511691331863403, 0.9556962251663208, 0.9529711604118347, 0.9597837328910828, 0.9656293988227844, 0.9664644598960876, 0.9673874974250793, 0.9673435091972351, 0.9674314260482788, 0.9730573296546936, 0.9767493009567261, 0.9724859595298767, 0.9751230478286743, 0.9732331037521362, 0.9750351905822754, 0.9800017476081848, 0.9785513281822205, 0.9790787696838379, 0.9783315658569336, 0.9765734672546387, 0.9758263230323792, 0.9783755540847778, 0.9799578189849854, 0.9776283502578735, 0.9787271618843079], "loss": [5.166846752166748, 2.927401304244995, 2.1665871143341064, 1.6745892763137817, 1.3139307498931885, 1.0417485237121582, 0.8358938097953796, 0.6803265810012817, 0.5619545578956604, 0.4677670896053314, 0.3929586410522461, 0.32858026027679443, 0.2800825834274292, 0.2442813217639923, 0.2133433073759079, 0.1903889775276184, 0.17355220019817352, 0.15913203358650208, 0.14264249801635742, 0.12438979744911194, 0.10945755988359451, 0.10075894743204117, 0.08451397716999054, 0.08102058619260788, 0.07809393852949142, 0.07343602925539017, 0.06290174275636673, 0.07110878080129623, 0.05483369901776314, 0.042609136551618576, 0.04135436564683914, 0.04172400385141373, 0.04411115124821663, 0.0425313338637352, 0.030427047982811928, 0.025146519765257835, 0.031006937846541405, 0.029439525678753853, 0.03154456615447998, 0.031218335032463074, 0.02176465280354023, 0.02279236726462841, 0.01976735144853592, 0.025200093165040016, 0.0300734955817461, 0.02635701186954975, 0.020965715870261192, 0.02050607278943062, 0.02429257705807686, 0.024725409224629402]}