{"binary_accuracy": [0.6340195536613464, 0.6544539332389832, 0.6698195338249207, 0.6803159713745117, 0.6904132962226868, 0.6969387531280518, 0.7039633393287659, 0.7103886008262634, 0.7161760330200195, 0.7215638756752014], "loss": [0.6245480179786682, 0.5693333148956299, 0.5474130511283875, 0.5340935587882996, 0.5243728756904602, 0.5162231922149658, 0.5091445446014404, 0.5027973055839539, 0.4968455731868744, 0.4912432134151459]}