{"categorical_accuracy": [0.0, 1.0, 1.0, 1.0, 1.0, 1.0, 1.0, 1.0, 1.0, 1.0, 1.0, 1.0, 1.0, 1.0, 1.0, 1.0, 1.0, 1.0, 1.0, 1.0, 1.0, 1.0, 1.0, 1.0, 1.0, 1.0, 1.0, 1.0, 1.0, 1.0], "loss": [8.16611385345459, 4.373073101043701, 2.8626930713653564, 2.584110975265503, 2.261979818344116, 2.076457977294922, 1.8881129026412964, 1.700581669807434, 1.5176975727081299, 1.3421680927276611, 1.1761990785598755, 1.021748661994934, 0.8803492188453674, 0.7530260682106018, 0.640241265296936, 0.541876494884491, 0.45730060338974, 0.3854711353778839, 0.32508814334869385, 0.27472227811813354, 0.23294566571712494, 0.19840942323207855, 0.16989995539188385, 0.14636129140853882, 0.1268947571516037, 0.11075492948293686, 0.09732811152935028, 0.08611166477203369, 0.07670000195503235, 0.06876595318317413]}