{"categorical_accuracy": [0.0, 1.0, 1.0, 1.0, 1.0, 1.0, 1.0, 1.0, 1.0, 1.0, 1.0, 1.0, 1.0, 1.0, 1.0, 1.0, 1.0, 1.0, 1.0, 1.0, 1.0, 1.0, 1.0, 1.0, 1.0, 1.0, 1.0, 1.0, 1.0, 1.0], "loss": [8.123176574707031, 4.459487438201904, 2.8020782470703125, 2.5180184841156006, 2.290825843811035, 2.0994796752929688, 1.9055284261703491, 1.7131104469299316, 1.5256030559539795, 1.3457326889038086, 1.1759586334228516, 1.018340826034546, 0.8744440674781799, 0.745297908782959, 0.631320595741272, 0.5323266386985779, 0.4475846290588379, 0.3759434223175049, 0.31599509716033936, 0.26621806621551514, 0.22510752081871033, 0.19125919044017792, 0.16342251002788544, 0.14051701128482819, 0.12163438647985458, 0.10602167248725891, 0.0930638387799263, 0.08226427435874939, 0.07322019338607788, 0.0656082034111023]}