{"categorical_accuracy": [0.0, 1.0, 1.0, 1.0, 1.0, 1.0, 1.0, 1.0, 1.0, 1.0, 1.0, 1.0, 1.0, 1.0, 1.0, 1.0, 1.0, 1.0, 1.0, 1.0, 1.0, 1.0, 1.0, 1.0, 1.0, 1.0, 1.0, 1.0, 1.0, 1.0], "loss": [8.520089149475098, 4.188990116119385, 2.5716354846954346, 2.243522882461548, 1.9854788780212402, 1.8055635690689087, 1.627137303352356, 1.4516780376434326, 1.282551646232605, 1.1224565505981445, 0.9735455513000488, 0.837429940700531, 0.7151371240615845, 0.6070865392684937, 0.5131070017814636, 0.432515949010849, 0.36424288153648376, 0.30697372555732727, 0.2592960298061371, 0.21980920433998108, 0.18720221519470215, 0.16031092405319214, 0.13812150061130524, 0.119777612388134, 0.10457339882850647, 0.09192391484975815, 0.08135552704334259, 0.07248681038618088, 0.06500852108001709, 0.0586700364947319]}