{"categorical_accuracy": [0.013513513840734959, 0.11373873800039291, 0.2224099040031433, 0.3429054021835327, 0.45495495200157166, 0.5647522807121277, 0.6469594836235046, 0.7280405163764954, 0.792792797088623, 0.8372747898101807, 0.8710585832595825, 0.9025900959968567, 0.9183558821678162, 0.9329954981803894, 0.9459459185600281, 0.9555180072784424, 0.9650900959968567, 0.9718468189239502, 0.9780405163764954, 0.9814189076423645, 0.9836711883544922, 0.9853603839874268, 0.9876126050949097, 0.9904279112815857, 0.9909909963607788, 0.9926801919937134, 0.9949324131011963, 0.9966216087341309, 0.997184693813324, 0.9977477192878723, 0.9983108043670654, 0.9988738894462585, 0.9994369149208069, 0.9994369149208069, 1.0, 1.0, 1.0, 1.0, 1.0, 1.0, 1.0, 1.0, 1.0, 1.0, 1.0, 1.0, 1.0, 1.0, 1.0, 1.0, 1.0, 1.0, 1.0, 1.0, 1.0, 1.0, 1.0, 1.0, 1.0, 1.0, 1.0, 1.0, 1.0, 1.0, 1.0, 1.0, 1.0, 1.0, 1.0, 1.0, 1.0, 1.0, 1.0, 1.0, 1.0, 1.0, 1.0, 1.0, 1.0, 1.0, 1.0, 1.0, 1.0, 1.0, 1.0, 1.0, 1.0, 1.0, 1.0, 1.0, 1.0, 1.0, 1.0, 1.0, 1.0, 1.0, 1.0, 1.0, 1.0, 1.0], "loss": [8.626800537109375, 3.4816341400146484, 2.423217535018921, 1.788978099822998, 1.3518273830413818, 1.0351334810256958, 0.7998743653297424, 0.6200812458992004, 0.4920015037059784, 0.3905618488788605, 0.3188023269176483, 0.2571409046649933, 0.21405641734600067, 0.18123120069503784, 0.15126584470272064, 0.1292424201965332, 0.1095038652420044, 0.09298393875360489, 0.08037368953227997, 0.06949709355831146, 0.060354068875312805, 0.05248734727501869, 0.04587479680776596, 0.04014693200588226, 0.0357024222612381, 0.03160065412521362, 0.027812672778964043, 0.024280451238155365, 0.02145327441394329, 0.01910361647605896, 0.0170982014387846, 0.015109407715499401, 0.013590157963335514, 0.012250540778040886, 0.011051147244870663, 0.01000574603676796, 0.009020769037306309, 0.008204073645174503, 0.007524359971284866, 0.006911736447364092, 0.006291630677878857, 0.005817841738462448, 0.005378922447562218, 0.005012174602597952, 0.004606338683515787, 0.004238382913172245, 0.0039361631497740746, 0.0036527025513350964, 0.003399503417313099, 0.0031255066860467196, 0.0029154764488339424, 0.002699557226151228, 0.0024957654532045126, 0.0023053428158164024, 0.0021651724819093943, 0.0020200125873088837, 0.0018738728249445558, 0.0017488464945927262, 0.0016274838708341122, 0.0015291949966922402, 0.0014271554537117481, 0.001331438310444355, 0.0012405216693878174, 0.0011640096781775355, 0.0010955524630844593, 0.001030176761560142, 0.0009621515055187047, 0.0009024727041833103, 0.0008454218041151762, 0.0007809862145222723, 0.0007400053436867893, 0.0006897836574353278, 0.0006389407208189368, 0.0006018939311616123, 0.0005642548785544932, 0.0005261324695311487, 0.0004928907146677375, 0.0004645030712708831, 0.0004347748472355306, 0.00040504991193301976, 0.0003841975121758878, 0.00035827828105539083, 0.00033554481342434883, 0.0003150604898110032, 0.0002963677397929132, 0.0002796199405565858, 0.0002609305374789983, 0.0002436392824165523, 0.00022727194300387055, 0.0002130903012584895, 0.0002014251658692956, 0.0001894263259600848, 0.00017785510863177478, 0.0001662542490521446, 0.00015682335651945323, 0.00014569547784049064, 0.00013663462596014142, 0.0001285914913751185, 0.00012051199155393988, 0.00011329847620800138]}