{"categorical_accuracy": [0.0, 1.0, 1.0, 0.0, 1.0, 1.0, 1.0, 1.0, 1.0, 1.0, 1.0, 1.0, 1.0, 1.0, 1.0, 1.0, 1.0, 1.0, 1.0, 1.0, 1.0, 1.0, 1.0, 1.0, 1.0, 1.0, 1.0, 1.0, 1.0, 1.0], "loss": [7.428860664367676, 4.925507068634033, 3.67421817779541, 9.512928009033203, 1.3268098831176758, 0.9009411334991455, 0.42551133036613464, 0.1646469235420227, 0.05059932544827461, 0.020249193534255028, 0.007948672398924828, 0.0038075584452599287, 0.001790707348845899, 0.0008551992941647768, 0.00048339602653868496, 0.00028153270250186324, 0.00017617580306250602, 0.00011944057769142091, 8.34430247778073e-05, 5.936446541454643e-05, 4.351044481154531e-05, 3.361645576660521e-05, 2.6940935640595853e-05, 2.169585604860913e-05, 1.7523612768854946e-05, 1.4185804502631072e-05, 1.156323378381785e-05, 9.775113539944869e-06, 8.106198947643861e-06, 7.152531907195225e-06]}