{"categorical_accuracy": [0.0, 0.0, 0.0, 0.0, 0.0, 0.0, 0.0, 0.0, 0.0, 0.0], "loss": [16.563154220581055, 16.545772552490234, 16.313365936279297, 15.541224479675293, 14.289815902709961, 12.643277168273926, 10.67211627960205, 8.433709144592285, 5.976840496063232, 3.368856906890869]}