{"categorical_accuracy": [0.5, 1.0, 1.0, 1.0, 1.0, 1.0, 1.0, 1.0, 1.0, 1.0, 1.0, 1.0, 1.0, 1.0, 1.0, 1.0, 1.0, 1.0, 1.0, 1.0, 1.0, 1.0, 1.0, 1.0, 1.0, 1.0, 1.0, 1.0, 1.0, 1.0], "loss": [7.701802730560303, 4.542840957641602, 3.4085800647735596, 2.3117971420288086, 1.3047609329223633, 0.5792540907859802, 0.21407276391983032, 0.07644382119178772, 0.028981193900108337, 0.011985193938016891, 0.005405927076935768, 0.002639264799654484, 0.001384134404361248, 0.0007725353352725506, 0.0004542034293990582, 0.0002865380665753037, 0.00018344627460464835, 0.00011705666838679463, 8.141662692651153e-05, 5.900685573578812e-05, 4.3748852476710454e-05, 3.349725011503324e-05, 2.6225699912174605e-05, 2.098061486321967e-05, 1.728519782773219e-05, 1.4305012882687151e-05, 1.2040065485052764e-05, 1.0371154530730564e-05, 8.940656698541716e-06, 7.867782187531702e-06]}